alBatch, sampledIndices, pre_train, rec_train, f01_train, f1_train, f10_train, ece_train, brier_train, cost_train, uc_train, pre_val, rec_val, f01_val, f1_val, f10_val, ece_val, brier_val, cost_val, uc_val, pre_test, rec_test, f01_test, f1_test, f10_test, ece_test, brier_test, cost_test, uc_test
0, , 0.5, 1.0, 0.5024875621890548, 0.6666666666666666, 0.9901960784313726, 0.003962200476496092, 0.24974455983769572, 0.5, 0, 0.5, 1.0, 0.5024875621890548, 0.6666666666666666, 0.9901960784313726, 0.02579315035995272, 0.25005376720976663, 0.5, 0, 0.5, 1.0, 0.5024875621890548, 0.6666666666666666, 0.9901960784313726, 0.04091016217179866, 0.24916322938697671, 0.5, 0
1, 1055 4432 4780 6699 5986 1843 6376 4765 1013 5505 4932 5756 1431 2913 2609 3861 5628 3339 6884 3245 4935 5762 3343 2488 6830 1810 4538 3111 4117 5342 3692 3012 3150 1273 3950 1932 6215 3618 450 4383 7126 6937 3261 60 2306 2779 2485 5866 3616 4049 1835 4175 6011 5020 1228 1144 1754 1071 5991 4447 4519 3499 1160 4483 960 221 6953 582 1774 2788 2036 3036 3519 2671 4297 1000 1454 3523 4062 6709 5968 592 5048 2345 4552 1616 5353 5681 493 3113 873 6316 5944 3903 160 771 5613 1654 5934 6506 3480 3335 395 413 6243 7020 5462 3270 4391 6094 2647 2596 2243 360 2965 1794 88 1455 6051 3653 4255 6852 2399 2426 5277 3207 1662 6708 1972 354 3059 1538 3520 5742 3034 1404 4112 1327 5963 4710 4706 2782 5951 3070 3761 2312 2749 6220 4559 4812 280 6379 1366 5982 2750 1893 1930 1753 2924 1914 3284 2999 6082 659 1733 5068 5394 7157 2273 2822 6662 4691 3832 3526 5368 1124 3271 2541 503 6270 6071 3707 1060 2132 4590 1968 3818 6943 3712 2475 1157 3038 6908 3149 1598 529 151 3845 6096 2259 4419 4712 2571 6859 292 2969 5100 2583 3816 6538 4870 5728 7511 2505 4089 6284 7431 2156 3338 251 4435 4721 3444 814 433 1757 7553 3017 3050 4450 1552 4097 3644 6999 835 7323 3021 4852 5565 6227 1429 4139 3617 2589 1819 3955 763 2135 3432 4860 6783 3341 1656 1524 1821 3285 5047 1283 3974 3123 2620 1434 1725 5512 4194 2628 7125 7174 1555 3595 3643 5397 6118 441 5857 199 4348 6301 5150 4065 2242 5850 3497 5546 2173 1048 2633 6759 6380 7237 7189 1158 5230 2250 5534 2709 5531 1700 3030 6869 4387 4076 3564 1727 4858 4396 1782 5400 4226 2085 1517 145 6440 4166 2801 3358 2298 6507 1453 1057 277 2160 1491 5971 4254 5895 48 4345 2107 4440 1168 69 7472 4889 4400 3283 7131 3474 2565 1145 6613 1641 1211 5536 79 5029 5640 3587 5641 7333 5768 4582 6780 63 1707 5551 3749 4309 2614 5164 5395 3224 4646 2516 3398 6595 6585 3213 3975 885 2327 677 4084 2038 7529 4342 4366 4247 1175 1165 6136 4940 1848 7378 3051 7091 4101 3157 843 5883 4122 3155 5237 5682 2506 5309 1659 7438 218 5826 561 6793 2331 5772 5422 5972 2212 4740 3787 1749 7348 2642 3152 2470 4685 6276 7128 4246 6724 4499 2582 3066 4720 4569 2692 443 6190 2641 4750 648 2847 6143 5218 164 2572 3734 233 4511 4334 4845 5889 3533 1325 1508 4936 6497 1695 1314 308 1946 3568 3574 1403 5492 195 2553 3412 4955 1432 2878 1299 2407 6247 7456 2905 5003 6983 3279 4003 4971 469 5596 2300 6912 2099 3076 131 454 352 1216 3199 1113 7310 3488 5290 4571 1423 4298 5176 269 2540 6280 926 5661 1374 604 1463 658 5805 5808 5067 647 1020 4832 430 3561 512 878 6602 6333 3243 2291 3719 7479 30 1876 3551 1173 6291 3907 6266 5561 4749 6707 5094 4484 3986 3726 1253 1959 3583 5084 6468 5770 5333 1991 7108 3769 7176 6251 5017 944 1999 7403 1462 5311 7056 2987 898 231 5285 3411 6373 848 4603 1409 4949 5582 1397 6545 1636 1324 5148 3747 1899 6757 4854 1569 2159 359 6455 1150 2837 5053 3297 2047 3970 1594 4930 5999 2740 1649 846 3760 2951 405 6641 6679 4436 3090 6337 4863 1885 3901 3680 6028 6968 5724 6061 1575 1372 4449 5599 1252 673 4161 5862 4170 435 6078 325 4265 3825 1147 4212 6655 6445 3408 447 5816 7256 1289 4308 4523 6616 653 4549 5603 2977 6905 4982 6565 4025 4984 1073 1585 5987 6189 7447 2424 1586 1765 933 5618 6835 7557 2869 1590 2350 2427 2652 7014 755 622 462 2655 4573 640 612 189 5019 3266 5915 4235 5197 4491 588 5644 3052 932 6186 4415 4204 7027 6713 6219 6461 5344 2371 3823 1534 559 2580 930 939 2538 1855 7169 6911 6069 1467 4203 4180 6923 1414 1875 1207 302 6718 2287 5555 4655 3923 1660 6612 4629 5498 1285 929 3466 2617 1223 1801 1646 4317 5106 5284 5081 5455 4267 146 497 1025 2814 5162 6329 4705 1001 838 5187 1286 5154 4349 3405 4303 2576 7294 5795 3246 3872 , 0.5121951219512195, 1.0, 0.514680902693521, 0.6774193548387097, 0.9906585707613266, 0.040062067272974886, 0.025469399116670156, 0.42410714285714285, 0, 0.5021097046413502, 0.9648648648648649, 0.5045053868756121, 0.6604995374653099, 0.9561401182678796, 0.33052259457603606, 0.3740745763308539, 18.045945945945945, 0, 0.49242424242424243, 0.9502923976608187, 0.4947846010069037, 0.6487025948103792, 0.94162363740677, 0.35568725093525266, 0.3888178823319761, 25.343567251461987, 0
2, 4033 5302 2566 5216 4659 1967 5257 5274 6858 1388 5043 4594 5722 1209 5472 5413 2263 4359 3299 7390 2605 2113 3943 6449 5604 2178 5320 2743 6426 3836 1551 6898 2286 1496 3940 6474 3706 3654 3493 7057 7507 7362 5685 1410 6733 6162 3688 2808 2555 3448 1797 896 6548 5159 2867 1442 5474 2994 5255 4802 2405 4601 5882 4354 3927 3753 707 5530 1415 2336 6368 5491 3956 1308 3660 2509 2841 6947 4531 3331 2522 1995 7550 5923 1484 953 2102 2755 6520 6363 1886 2570 1560 2240 1383 2363 6880 4368 2149 3613 4272 5412 6144 5041 5660 4772 87 96 2787 5024 6995 1129 1482 4815 5918 7413 5563 3356 249 794 6547 6580 1340 1829 5030 1583 2288 6029 7078 7326 2545 6097 261 7532 4990 3843 7214 6807 1529 5870 4701 4232 289 7393 572 3028 6205 5949 524 4331 2821 5557 5945 2926 1928 3117 93 2534 7488 6365 2800 2775 449 2799 5956 3121 1010 1906 7360 4016 5331 4631 1691 4946 4442 2979 3647 1518 7330 7217 3003 2379 7259 1921 4840 4181 3135 2836 7080 5554 662 1661 3592 2830 5519 825 6849 4562 1863 2859 5671 2828 6802 3082 1244 2304 2334 2983 644 2 4128 3407 7300 3491 2966 2829 7089 1318 3708 3232 6225 7451 2023 2708 3025 5325 5161 5055 2669 4587 4257 4886 2116 5319 5107 2360 4737 1873 1375 6245 5497 6728 6476 3124 567 6332 579 1053 451 3184 2142 398 281 7386 4746 5322 5178 4314 6150 1411 6059 5056 709 4356 5251 6806 2081 5172 283 368 3154 3249 3670 5137 1976 6327 5467 6231 730 1513 6779 842 6748 175 1760 1864 6778 2935 6851 6201 514 1079 2097 6840 3171 7363 4446 3244 6530 5335 5428 927 4278 5246 2309 5835 425 5575 4035 7070 6573 1958 4086 5407 1775 2604 2970 1293 1883 5083 4420 5294 608 5426 15 7545 4911 4517 6979 3108 2454 6568 6543 6432 4743 6635 4702 7422 4521 1402 7068 1666 6110 1309 1108 1897 615 4909 2931 2230 6734 2724 2588 2139 2316 6117 2636 3883 1333 5301 2265 2751 6785 3673 2551 3293 3342 5537 7527 765 6355 6269 205 1804 5340 6265 4179 4120 2974 4021 3010 6998 420 2874 3704 2685 4078 3447 6939 4421 5112 6569 1868 7143 883 2063 3470 3632 5092 3668 3783 1739 1913 5104 770 1213 2517 6268 7288 3127 2177 345 4537 4785 6930 4680 6185 2521 6176 4699 1993 975 1929 4900 1358 6639 3661 2573 6509 6447 2172 1238 137 3857 3948 1925 810 2073 5638 4453 3766 4836 1969 2402 5485 3553 6079 7269 5149 2001 966 1523 1348 5493 4127 5792 6552 5143 767 3801 3442 5612 5010 5584 764 1962 7065 4842 6100 2163 6839 5167 5078 4351 3471 4942 3666 468 3317 1029 5484 4887 5369 6918 2625 4729 4837 2972 1132 5052 748 3584 5773 4507 6482 643 6758 6121 4649 2872 6605 5242 1860 2798 4466 256 1234 5222 2213 552 3931 5962 7290 4087 6864 2227 2302 1879 7248 6546 7097 1715 4093 51 1556 5061 4768 5910 6451 1599 1422 7110 6650 2239 6119 1553 2179 6944 6427 4258 3810 620 4338 1530 4037 2005 6126 2871 7322 6882 5766 1354 2267 3542 4048 1099 5244 114 5496 695 702 699 322 3919 3821 7046 7466 1849 2145 1301 4217 2857 4833 6584 799 7498 1998 4234 4022 516 6177 1465 4620 7329 6263 6753 789 7219 5872 703 5907 158 5332 313 4589 6203 5629 4496 4268 1297 501 7165 5168 4321 467 5939 5553 871 5065 5410 498 1328 361 4739 3015 3593 1922 5189 2209 4762 1631 50 1131 6002 577 5174 1630 733 4288 1905 6216 4578 2693 4459 5173 2577 1362 2412 879 2253 902 2984 157 3315 656 2873 479 2222 6021 6989 2492 6788 5404 3472 4622 191 4376 5146 5527 223 2130 6435 3174 5807 7232 5463 4061 6922 1833 3924 4548 4539 6172 4843 4077 6305 4173 5304 3896 5933 7022 1714 2191 5548 5818 4962 947 2778 1758 4296 2632 3492 4585 5086 2408 1492 6916 7210 1342 4630 3946 1671 4964 549 3722 317 6690 1183 2817 7357 6902 3359 936 5073 4335 4718 3394 4838 7187 655 1067 7377 3042 6142 7266 4104 3369 463 5587 1719 2657 6972 3237 6957 6364 5430 5226 7519 296 1770 , 0.5449775112443778, 1.0, 0.5474438405391905, 0.705482775351771, 0.9918010643758273, 0.020292573357616354, 0.037496232160195805, 0.37102689486552565, 0, 0.5047923322683706, 0.8540540540540541, 0.5068445291408608, 0.6345381526104418, 0.8482432360601713, 0.4070176912577642, 0.4281653565948508, 73.39189189189189, 0, 0.5057660626029654, 0.8976608187134503, 0.5079617312669965, 0.6469968387776608, 0.8908265578762893, 0.3795150676646224, 0.397637740546813, 51.60818713450293, 0
3, 5776 880 1074 4624 4888 228 6169 2943 6407 4528 1349 7396 6372 1828 3998 3538 6731 5500 75 6290 4039 1230 5975 3560 4198 2651 7234 2742 844 5750 5215 1428 4902 555 2386 575 2319 4337 1148 5989 7402 1853 5623 3503 852 1420 4386 7213 2955 1916 3469 3006 7271 3263 6104 3175 42 4299 1084 1924 6342 3439 5832 532 1686 5359 5980 4158 2064 6419 1170 2737 7408 5688 7395 988 5932 6181 1105 4776 2056 2937 5308 3094 3489 104 3965 7303 275 2074 2447 3393 6667 649 1240 4551 7321 6191 3723 2818 641 1443 890 4371 6048 2003 6566 279 2411 7146 5865 6970 4756 4801 3454 1759 4118 4121 5697 2322 3630 4455 4565 5193 5626 4816 5429 2771 4830 4903 585 6688 6277 4516 4658 5113 2843 3289 7023 222 6508 3485 2204 6131 5501 4771 1738 6817 6844 5731 568 1497 2233 6710 710 4261 6249 6005 3911 6125 3932 6114 3941 6894 128 2217 681 3525 6848 3758 4413 3953 1532 4965 4227 4916 426 2544 2414 4683 5219 5516 4689 5914 1248 2964 6621 7093 7486 5350 6533 5718 5420 1146 1498 2029 816 3770 4600 928 4995 3607 4241 2790 7302 6603 1037 1192 5921 5336 1261 7254 1894 7494 934 6130 3968 2903 921 2190 2539 4525 6262 6992 4154 1166 338 7106 5263 899 539 4941 7074 1997 2406 3649 61 3230 1705 2093 3995 2368 5286 5573 5396 1251 2910 6444 1550 6814 5347 6084 5885 1823 829 6416 7289 1937 7104 1672 3424 4748 2963 1115 2766 2048 4123 1557 6683 1891 5503 6940 3942 6954 6430 71 1780 2002 318 5710 7483 2888 2578 1380 6394 391 94 1044 5837 4809 5655 4199 3844 3422 2280 6789 5990 4444 2899 2946 2706 3348 2802 167 3423 3534 4540 6273 2767 4358 2630 6500 1335 3604 2990 3122 2343 4974 7541 7328 4311 1644 7504 1017 3320 652 2594 5447 2567 4130 2980 6042 820 1321 3287 4899 2753 4381 3807 4096 513 3713 3212 3217 5630 3784 3268 29 2850 2066 2442 6973 3476 2744 5293 4505 3800 1857 2079 6390 224 6818 5370 4290 2710 178 2094 4259 6116 5977 440 5266 7394 4410 4168 5927 7389 6067 3075 6072 4270 7084 7341 2377 3004 1546 2070 2226 4219 6318 4841 2922 4106 6025 6672 7490 4141 6413 3869 4696 3815 6586 4328 81 5109 3904 3672 1070 6160 1066 1202 2923 3234 1395 3606 2141 1250 7124 1502 623 910 1163 5799 5752 7184 6480 654 272 6092 1304 2940 5648 6784 6654 967 5427 6315 7407 1726 2075 2391 4124 6053 6696 4522 6354 1796 6040 5345 2877 4326 5744 19 457 3060 4292 7283 4463 628 4256 2644 974 723 4508 5305 1367 809 6462 3876 3105 6014 144 4663 3624 2332 7221 5207 2337 1306 3014 5749 916 6901 6202 1217 5357 6935 5442 7505 5489 700 1075 1226 2281 310 2975 5763 6927 6458 671 2918 403 2110 6623 6932 3782 6000 7280 1516 858 2166 4793 4684 4218 3001 945 2277 6429 4088 5452 3569 2602 7009 3777 6515 1224 3250 4266 6066 2086 2448 6812 3684 3200 5276 666 7134 6466 3546 759 4934 2313 6279 3048 6825 2988 4108 1970 5209 4560 2473 3549 5515 917 7520 1493 4142 3591 5147 3720 1854 2370 1159 6209 992 4656 551 5569 1562 6156 7060 1619 4018 3328 6555 4367 1978 5116 14 2777 309 7001 1561 369 2089 1887 5241 57 5451 99 5196 5532 2896 6454 4707 2518 1734 1773 3477 7061 59 2098 6300 2460 3057 4951 2012 7279 7087 517 3867 1490 4686 1392 3678 6860 1637 168 100 5188 4222 1046 1888 429 5894 6457 6322 4427 3187 1702 5114 7206 9 6050 2765 365 108 7045 1330 6572 5469 43 4423 47 3241 1679 7047 6374 991 2535 4312 5732 854 2419 3573 830 2960 1247 2430 3581 4458 7048 2774 756 7442 5983 3141 2827 963 4513 6633 1179 4627 2858 6969 3731 1564 6730 691 828 5259 2916 1817 869 4160 3879 3873 2891 6782 2214 7285 7203 2351 4285 2734 3098 5615 5958 5267 2789 436 6717 3415 4671 5236 1036 690 3357 4069 6875 6727 738 465 617 3420 7276 2864 6532 5268 7460 3922 1271 6823 1225 6702 5153 6653 5245 2526 1276 5664 6809 3039 5902 4184 5025 1845 7497 2175 4355 , 0.5284921835602622, 1.0, 0.5309709653470313, 0.6915209501814583, 0.9912439245947389, 0.023748149076851237, 0.05271663516323258, 0.39351851851851855, 0, 0.5015105740181269, 0.8972972972972973, 0.5037103800510742, 0.6434108527131783, 0.8903403961552758, 0.3756085262378608, 0.4024219577501987, 51.7972972972973, 0, 0.5204081632653061, 0.8947368421052632, 0.5225727909100132, 0.6580645161290324, 0.8884097964815454, 0.3744354325381911, 0.3913220950970536, 53.04385964912281, 0
4, 6656 4572 3620 4596 4340 1580 1971 4020 1506 5621 381 4770 7186 5123 4637 4191 3565 818 274 2718 7366 3676 7161 5402 1118 2065 7241 3303 4795 4839 4412 5155 2549 2649 6853 920 111 259 5598 2451 2225 2374 2353 4313 3866 5465 1892 3860 1452 2340 5142 3277 7263 3204 5461 1281 3140 1939 5523 6325 84 3333 2397 4607 6525 5942 7102 3554 4336 5075 2490 7197 6292 2769 6838 4013 4907 3202 216 6646 4404 7379 5905 6026 3693 55 1798 3795 2547 165 7135 2262 5580 2851 6470 3310 355 613 5790 6299 6366 4913 3621 3169 2703 1336 4918 4132 130 6370 6796 4708 3165 5170 6313 6213 5316 5281 856 682 863 2421 3652 91 4036 5418 1501 3022 4796 5528 632 2464 5868 5712 713 938 7361 4524 2297 1512 7514 3936 1069 6312 7538 1793 4073 1850 4201 6975 238 4015 4152 2235 3046 3419 4260 3257 3410 1363 2339 7465 18 373 2008 3321 2392 638 4910 5364 7371 3656 2344 6211 2435 1294 387 7245 850 5287 1948 5355 6008 386 7308 2658 626 2684 246 6747 4640 4979 5855 6113 7482 3484 6194 54 4156 6712 6039 5863 2341 1387 745 4676 3370 7066 3208 6956 2686 5800 1601 7055 4905 2839 6664 1186 3694 1477 1369 6030 6075 3806 7075 3754 3495 7202 6523 2682 2254 2384 255 1559 3969 3322 3715 372 3160 7195 364 6112 6386 7340 3814 236 7008 396 3164 2823 6550 3580 3134 6800 4319 7358 2349 508 5602 3137 4515 263 3401 2347 792 6438 3597 4789 1865 5633 2201 2591 5888 1153 4243 7063 5141 5139 4736 6846 293 7140 5262 4848 4557 782 3566 40 1611 6065 788 6090 2305 5836 6197 965 5590 3260 4821 2409 1468 4904 2500 7138 6477 284 2154 7120 4948 6223 4414 5940 3893 1896 6606 220 3280 4670 1953 565 4488 6467 3462 5714 1935 5079 6378 6503 456 2446 4906 5323 4758 6441 3679 3909 727 4263 6195 23 3582 446 7344 5283 6443 6936 3751 6833 3947 5906 3527 6510 5518 1076 1277 307 389 2289 82 2613 3086 5657 3264 6732 5438 1951 4957 4584 554 6829 5085 5103 6037 103 2168 2564 874 8 2294 5317 4253 6638 3390 533 2768 3177 344 2629 4131 2106 7278 2996 3681 4094 1870 2815 6128 70 7314 3210 169 2292 5760 3236 4897 1121 7035 2459 491 5171 6404 7173 7510 3326 5415 3926 1149 6253 2627 3634 1768 3103 2840 600 3702 4090 5581 3425 5066 7099 471 7424 6786 4568 5780 38 904 2395 1265 3817 2993 2527 7528 5819 7327 1260 1027 5063 562 1643 1019 3265 5781 4661 2831 3395 7324 4577 6527 3776 7365 2826 6077 7477 576 5156 1487 7132 7160 5753 2621 1509 3913 1190 3381 1208 1391 6099 7235 1655 5538 5706 4747 3216 5002 3460 605 6630 110 2393 2796 4487 4479 796 6060 5670 6041 1554 6264 4000 4264 4144 200 5880 3118 2257 4690 3043 7315 7261 3449 3834 5421 3446 5098 6740 1723 7481 5275 3658 5089 5249 4599 3304 5337 187 7273 7346 2218 5993 5035 550 7306 5920 7286 4665 836 5136 2917 28 2907 3308 4703 5006 3131 6966 2189 5849 4880 1836 1618 6188 3629 6804 942 2237 7339 3608 618 4137 2468 4279 5488 252 1110 4370 4126 5856 2445 4202 5071 3938 7242 4231 7415 616 4325 5310 7100 2853 3588 6120 7480 5542 2165 1172 4360 3921 2697 2639 7103 6356 6850 1243 5446 3173 5240 5057 5228 4667 7368 1716 6358 5984 556 4868 1825 4431 477 1688 6167 5552 5040 177 7141 5494 5517 6010 4239 6660 4428 3221 6296 1488 4149 1786 4678 4535 2123 1519 4047 5692 6304 488 3238 3065 2816 3347 2978 4150 1008 1957 537 2290 3888 607 1229 3071 5135 4592 4475 1837 1473 7115 5924 2607 3195 7181 6210 3148 660 3698 3657 3506 1790 1291 5105 2167 4998 5096 5652 7384 4950 24 6431 1540 5021 6464 5018 1438 6866 598 5574 5840 4682 4107 6722 4395 3193 731 3433 6819 3194 7094 5559 6127 4734 4583 918 3615 1622 811 6032 6904 2100 4579 3548 5943 5217 7400 2429 2852 2502 3918 1086 7071 4959 2865 7153 3910 3669 5571 241 3862 737 7423 7332 4991 544 609 409 4952 5324 5979 4493 7212 5804 464 5522 5031 , 0.46953528399311534, 0.9992673992673993, 0.4720127456186936, 0.6388758782201406, 0.9882285427351959, 0.018650122260452026, 0.07512285692335255, 0.8154685494223364, 0, 0.4993006993006993, 0.9648648648648649, 0.5016975093919577, 0.6580645161290323, 0.956038711388042, 0.3576847265494847, 0.3971979300119141, 18.05135135135135, 0, 0.5038167938931297, 0.9649122807017544, 0.5062118404665714, 0.6619859578736207, 0.9562473102854684, 0.3665595572261076, 0.39996163594487655, 18.019005847953217, 0
5, 2616 3859 2181 7401 1331 7319 969 3281 6931 1955 1565 7458 2556 2912 1201 5901 3855 2739 3531 3987 5875 2115 6816 7172 2911 1698 6199 7040 4735 3957 3997 1687 1990 5192 591 1607 185 6027 290 7223 2069 7188 5899 3402 6405 6903 3168 4085 7180 4813 3151 4339 3183 1056 3045 7054 4418 7034 3325 6666 3409 5365 2586 4856 1668 4357 4228 1187 5825 1278 3223 751 6221 2701 380 7168 4881 17 4147 5550 6996 7123 2601 3248 7205 3313 6417 7457 3541 5026 3138 645 6271 4012 3089 1903 3253 5202 3494 515 6278 1915 5960 470 606 1808 7473 1685 421 3235 3414 1302 7049 3732 5651 2436 812 527 2677 3572 5928 4439 4645 7042 1882 5464 6909 95 697 2745 6151 701 1142 6715 6400 6798 583 3705 2346 892 2007 7369 676 1898 5896 44 192 351 3081 2310 4183 7508 4874 7170 3594 3305 999 1083 5045 6596 171 7317 6768 2714 7427 7002 5663 3794 7495 962 877 5898 78 7016 1744 2061 6781 4520 1589 772 6610 1912 4679 3516 5470 913 6208 6519 5673 2044 6627 7297 6088 1729 2438 2150 6883 4641 1965 2458 1419 7192 7262 287 2982 6528 4978 385 4791 2261 7406 4080 1300 3809 7312 4408 2354 4207 6769 3106 4075 2014 2876 1606 1195 2050 357 3044 5486 306 4872 4692 2491 599 72 124 3545 861 3133 4514 7338 6735 3438 6981 5261 536 1763 4829 2957 6230 2653 1834 6719 581 6022 2234 3728 3198 4129 1154 2797 2444 4924 7072 6306 3802 3870 5144 335 3102 336 1665 7370 6845 633 2962 5646 4369 1720 1393 4787 1584 1984 526 1032 2672 5739 2550 2118 1156 2584 724 7231 4642 1872 797 6234 4915 3278 1919 294 1232 7287 5730 935 5434 1446 6074 3822 686 7311 186 7069 2152 6756 7147 7275 6076 4960 5738 3107 3567 2272 4730 6152 553 2228 5802 2182 865 3906 6791 6629 2247 1047 257 3099 729 2761 10 3119 5723 3104 1038 6274 4302 6990 5458 6434 4744 4403 4731 152 2971 4082 1117 2833 4944 1737 2634 2030 1123 5185 6403 5372 5367 2936 5134 6843 1326 580 260 5128 3269 1441 4485 2925 4172 6801 2810 304 3443 1106 4981 6326 2321 250 3799 5471 4316 2122 6777 1416 214 5297 1880 2000 2006 1788 32 6170 2717 4385 5194 6257 3890 3205 2603 2579 5970 4798 4898 6016 1196 3916 6686 1549 3242 4079 802 3306 2352 3226 4529 5374 6054 500 5952 4007 6469 6537 2111 7240 4834 5387 6742 6258 4774 1045 6481 3695 3023 698 202 6168 4109 5054 5541 610 4028 2834 5307 4742 3365 3544 1101 3387 5572 2476 5877 3841 6583 6240 832 188 2992 5654 4807 1352 6799 2784 1521 4526 4330 3163 2909 3991 399 2679 3061 2498 688 4700 6282 6473 4931 4171 4213 1182 3744 3626 3403 7230 807 4570 4422 6861 119 1377 208 6790 4625 1827 6001 4864 6993 4056 3509 5755 6124 7051 3486 4236 6483 2809 3797 3675 305 1413 1136 1735 5278 2844 6212 6570 4293 7 2293 4053 1900 3631 2976 1527 1818 2902 7117 7440 6239 6153 5206 6687 6624 6004 1499 4489 6436 1267 5900 2441 2143 859 2083 276 720 394 2887 6599 3382 5585 5097 2504 6080 3735 6949 339 3385 6856 6697 7281 4875 5058 2783 7443 5649 5205 683 1771 5817 3789 5091 4847 4792 2489 5812 2380 4977 67 1258 5595 52 3092 826 535 3992 6896 7163 4205 3318 7086 3586 4733 7145 3808 3201 5579 5659 1949 4295 3367 4558 1767 3963 3659 6716 7282 7502 378 7512 4310 4390 3337 1980 7500 7416 7540 1332 6772 6907 2415 4341 3292 2410 665 4865 504 4635 2092 586 36 5831 2804 1398 6588 1728 5876 1077 3096 4494 1938 4973 2361 7552 4027 2732 4784 4103 3344 3511 6946 7325 2666 2773 6505 415 779 4066 6158 3838 4777 2528 4857 6701 4188 1533 502 3514 2683 2763 2117 2171 2054 478 3961 5248 1272 1191 2131 4876 7196 6486 343 7267 5125 754 4664 1653 6081 6260 7546 2704 3388 109 163 4544 2939 4361 4343 5314 1831 6423 5445 621 4004 2942 3655 3147 6516 5007 6535 6736 6564 2378 1385 4763 900 5392 6865 382 5543 919 2961 5232 6024 3110 6192 786 312 3685 2308 4468 , 0.4512943688283961, 0.9994089834515366, 0.45375831579842296, 0.6218054789483362, 0.9875337531151163, 0.015066479739728189, 0.0902707296583982, 0.7925311203319502, 0, 0.5, 0.9891891891891892, 0.5024602419464456, 0.6642468239564427, 0.9796989292907876, 0.3338666105565159, 0.3786017315615973, 5.9, 0, 0.5, 0.9883040935672515, 0.5024579788643254, 0.6640471512770137, 0.978839316435371, 0.34914695741853197, 0.3867187124019011, 6.342105263157895, 0
6, 1633 2507 6252 1448 324 5606 2928 138 4251 6297 5608 5299 3188 2794 7417 589 4811 172 1877 3687 4542 4465 4732 3056 2366 6018 5524 5477 4045 1846 1050 7515 7299 5456 1085 3791 4668 821 3989 5680 5291 847 1975 68 2433 3139 3716 4616 6064 3093 2210 2803 4378 3638 5687 2245 5892 1812 1221 7207 2231 6513 2529 2394 6314 1505 452 7113 295 793 3431 212 3785 5088 5239 3512 1239 122 6857 1904 6765 4486 5243 353 4754 5220 5506 1842 3219 16 5560 3648 371 1952 6741 614 6433 6353 2480 6289 7421 6450 4294 6873 6767 4347 5631 3371 3984 6560 619 7150 1012 6700 2011 1176 800 7268 3830 1852 3881 4456 5754 2365 4788 3960 6652 5478 4229 3332 3570 1571 5562 5839 2180 2367 2120 5424 6620 708 6526 2174 1435 1964 4011 7372 4362 5811 3479 74 2525 1472 1710 1613 860 297 5611 5298 2389 3300 198 5140 3671 4157 6892 6960 1479 6070 6567 466 7006 1365 7434 7531 746 3027 5601 2068 2747 725 1647 4287 3540 3247 240 2183 2373 7218 1908 3945 6229 1785 3468 2199 6214 2612 298 5037 3556 6594 6317 3752 7073 3627 6868 4497 1623 887 1545 7380 6272 6165 3788 4745 1847 1789 384 5577 804 6876 2690 6632 1531 3605 4135 5380 2170 7101 4350 5358 7376 2673 798 6493 5475 4688 1963 35 6640 39 6163 1214 712 4553 3999 6608 3743 5208 4399 2221 893 486 4333 3058 1629 4382 4826 5487 1486 6961 2611 5716 823 3049 4441 1424 6645 2383 6668 3929 3311 2950 134 2185 3196 6196 1320 135 481 2138 2511 2700 7199 5214 4543 7112 5636 6980 7313 4443 2137 3256 1311 7450 7208 383 5873 4914 2398 2898 4500 2169 4536 5828 2721 458 1040 4966 5379 1697 3455 5354 3771 3741 6579 7305 121 7013 2776 4501 4976 6139 1480 5459 2824 519 5343 3596 593 5973 4469 6626 2915 4825 6020 1535 176 4672 282 5303 5186 4044 2760 590 4197 3240 5111 3819 5643 5044 4286 1503 3505 7412 1988 6764 2203 1089 1368 1966 472 1412 1043 5703 132 6631 979 1064 3275 4372 3463 7549 7522 341 6795 4001 4224 5878 1138 2967 3765 22 5409 948 3143 5064 1824 6561 4145 6684 2381 5163 7122 522 3203 3186 2450 7397 7448 1130 7432 1421 7382 1371 90 564 6582 148 1268 6057 1104 5782 1507 4728 337 2674 3778 3396 4215 4504 6988 242 907 4 4983 1645 7201 6705 2128 5082 5414 2278 5834 7534 783 6704 2375 769 3273 5941 6763 5625 1120 7116 6319 5929 406 3590 6540 6974 27 4741 5271 1626 3399 2439 6649 3792 1376 2455 5669 2546 4532 2434 4673 694 4677 3813 6135 2126 2034 1389 6647 4476 573 6774 3074 3978 1593 253 2927 4920 1439 2478 2359 6750 3397 5120 7426 7037 1337 6367 6837 7200 5797 1399 2954 6496 6396 505 2033 7469 3973 6615 1292 2543 5912 5686 2090 6085 4925 3609 4454 6680 2716 3379 6218 6179 422 2016 6529 1184 6406 7233 4384 4715 545 1973 1290 4970 7474 6917 4657 6703 2664 3258 4713 5713 267 2581 7062 3933 6129 601 2726 5133 1241 6428 3239 1174 5363 166 827 864 6792 5938 1316 268 4550 3576 5824 1761 2848 5925 3026 587 3552 4555 7468 5210 1536 432 2495 2148 113 410 7349 1475 7359 5978 1663 1743 5948 7222 1769 7506 6348 3513 1684 1600 3445 5969 983 2114 3891 5950 2493 2158 5381 7367 4817 1500 3637 2637 7191 6950 2863 7243 6341 2348 4009 3709 1638 4223 2416 4041 1635 4352 3352 3562 5382 1339 2557 6335 1018 2807 5225 2188 6726 5272 5881 3262 6465 2108 4067 6693 5321 2991 6669 5401 3878 6598 5468 5036 985 4324 2870 1609 7026 6046 3069 7410 3625 6392 7493 1578 851 4586 5810 3312 3136 3083 950 6339 2318 5667 5789 5791 1766 4861 2037 6889 6399 6442 6575 5617 3197 262 1021 1783 2619 5033 4698 5777 7489 3589 6746 3355 3033 5935 5119 1610 6495 4143 2484 5936 1206 3291 4031 1102 1334 3774 3521 4392 4318 2741 1764 5318 4176 4304 1007 2764 6321 3062 6206 2622 4610 1820 2554 925 6762 2532 1255 1082 5947 5954 6985 156 7536 2533 20 6459 6063 5416 5893 3314 136 5408 80 6351 , 0.4430046123435098, 1.0, 0.44546124460713254, 0.6140030441400305, 0.987704421269024, 0.007299981252441174, 0.09911266439182902, 0.5517841601392516, 0, 0.4986449864498645, 0.9945945945945946, 0.5011190508291762, 0.6642599277978339, 0.9848958609359268, 0.31298884161062646, 0.36068001375686687, 3.2027027027027026, 0, 0.5, 1.0, 0.5024875621890548, 0.6666666666666666, 0.9901960784313726, 0.3203606381588397, 0.3636265279234445, 0.5, 0
7, 6101 4805 1401 766 3032 6559 7043 4353 5719 4105 1169 2042 578 976 5224 3686 722 1466 2423 346 6145 1259 5998 2252 941 2136 6675 2004 418 4769 2274 6959 6617 3429 4162 1384 2748 392 6698 4163 3829 2728 41 1049 3763 5779 5256 3848 3710 3611 2515 5842 1510 2151 2956 37 4851 2275 4808 4727 4133 453 6410 237 7487 3598 65 3456 7526 1704 6729 6362 2022 5473 4051 4767 6331 7007 4644 4102 3496 853 1478 2725 2403 3990 5702 1030 4890 174 3218 2040 7121 12 3840 6874 1386 5425 7350 6293 5264 4024 1579 741 2656 7092 7437 6977 1357 6512 7224 7109 5545 4877 7021 6133 5361 4760 3378 1871 1931 5689 7239 2698 596 427 951 319 7260 2404 1103 7039 492 2882 7439 5175 954 4717 6984 760 3215 6043 431 5851 1093 1161 1670 1861 5502 388 1604 347 5254 5796 2510 6888 7270 3013 2536 6978 4008 7381 86 6402 1125 834 2687 597 6180 1134 3336 5151 3302 523 4716 1547 857 2422 2051 4397 4697 5672 6411 6055 7464 2449 2146 5480 2640 56 3441 3892 6891 2080 547 5864 6600 2812 5675 3900 5453 3755 1212 3798 2854 1450 2364 7114 7225 1813 7005 2643 3483 2973 6140 2465 5833 3979 833 3786 541 4835 4192 2031 4775 1791 6614 3571 1447 2559 4947 5783 3805 286 2219 2356 995 6083 2260 3524 4136 2770 3361 3854 101 2885 5879 3000 801 2691 6320 2216 2845 4674 1220 4953 6149 5499 495 2215 2892 5393 2900 5351 3176 1895 102 5352 5707 5481 2279 3091 5510 1954 1127 937 670 4922 6295 5490 3095 3267 4666 1711 7058 26 2330 1736 3435 3351 4377 7375 4374 2846 2271 2662 2264 5435 1456 6597 5090 5009 634 6015 316 2866 5869 5390 4751 4615 6359 2729 4273 6811 718 636 6123 5886 558 2076 6976 2897 5479 6925 5366 278 3852 3368 2762 2153 4320 3416 5288 3842 1539 1427 4072 153 3697 6267 6241 4987 2933 4687 3430 2932 5448 6720 7193 651 3500 1856 4277 7445 264 370 4556 6591 5841 2461 1642 4534 1985 6862 1457 2053 2082 3077 717 5867 5514 2358 6604 5827 1461 7095 7530 3211 379 3599 6855 3490 77 5099 5996 4518 2474 986 5223 411 5117 7428 6283 5911 6571 3985 2890 4604 2835 6238 5012 4481 7253 4883 6164 4480 66 2453 2599 1756 5597 5483 1092 4099 5070 1282 227 6971 229 2194 4844 1815 1098 6797 1805 3008 3674 1068 2659 1116 4406 4879 1274 5874 1676 4274 1215 7419 642 7404 2881 6448 5457 4046 3837 924 5296 4738 571 7258 5346 2889 5547 270 1803 2060 6204 1950 7178 3739 1602 5252 4457 3073 714 6023 6549 3724 1185 179 476 6242 3434 2668 5854 4242 5903 320 650 1218 3952 1708 1133 6418 2667 3185 4588 2270 4662 1680 7211 4873 4249 2650 6952 7446 3528 3730 817 7356 2197 2552 3902 5132 6298 1345 3153 5373 4614 2795 2948 5594 6691 4014 3951 3928 1699 1210 6217 3628 3764 1 6222 5403 7011 784 3868 2437 4074 2072 2112 7405 3330 7391 3053 7050 7501 203 442 2998 7030 2388 1977 482 3555 1004 5520 4781 1669 6787 6098 3404 3905 4695 5814 247 5260 3780 6982 7409 6345 3954 5356 3274 3324 4402 1862 7383 3502 5946 393 3796 4704 6900 1942 2311 1051 423 1776 4938 663 5778 2548 2326 6951 5126 4761 3295 244 3375 7298 1052 1746 4178 6499 5690 301 3882 3619 6504 2758 3417 2466 4850 1295 548 6910 204 624 5004 4621 5060 4098 4933 4169 5444 4300 5717 5861 3498 3389 2335 7399 6920 4724 3746 5292 1651 7455 2211 7204 5678 4059 4783 2284 1795 2842 3383 5095 1878 915 7083 7032 6514 3585 2646 4912 2707 6986 1235 543 3824 1927 424 2127 197 5745 2013 2043 4380 5247 661 749 5798 4853 140 5000 3364 342 678 3229 1167 201 7024 2432 6491 2032 1514 2285 4461 5556 2198 5190 1832 4527 1640 882 973 4859 5195 2986 6924 6336 3418 7139 7342 7041 815 7059 4434 6288 2792 3983 6401 4116 4211 4867 5028 3255 3158 6886 6424 4602 6463 5758 5693 6562 2009 4068 4726 4426 2665 5767 120 5295 1902 3977 5211 968 3011 439 6049 776 4373 3510 3898 1310 6928 4315 2467 , 0.439373939279653, 1.0, 0.44182640857630995, 0.610507009039696, 0.9875242863077679, 0.009203633168561313, 0.10239884377481104, 0.5571589205397302, 0, 0.5006765899864682, 1.0, 0.5031641308738387, 0.6672678088367899, 0.9902223164365775, 0.29239321756485503, 0.35696508582300923, 0.49864864864864866, 0, 0.5007320644216691, 1.0, 0.5032196031584161, 0.6673170731707316, 0.9902244646389359, 0.317066053970404, 0.34838696447452633, 0.49853801169590645, 0
8, 7244 2618 2027 1504 3536 2443 3612 3380 6592 743 5759 6574 49 728 3742 4617 5919 1100 4182 6183 4190 141 6250 5838 207 2514 5846 625 6409 1459 6062 4650 273 6056 3481 6725 6017 206 7151 5967 2472 6237 2757 142 2623 747 3639 1844 4506 4799 5051 5786 4636 6964 162 970 5959 6343 3908 4329 7554 3767 3009 2296 4885 3772 3640 7090 7166 7119 5101 5653 4790 971 4393 5586 3233 4533 7309 348 1112 6991 2105 2045 2894 4394 1350 6256 6013 876 6 4993 412 1772 3877 4639 3645 6106 7067 5443 1394 5115 1627 5233 6161 1706 3097 1346 7018 4786 1806 5632 5349 3874 5844 3067 5313 6637 475 1874 3170 1718 311 6439 2615 2186 5398 595 5383 4828 862 3360 2018 1245 3068 5466 4541 5916 4878 390 326 4495 872 1587 6766 5642 459 5823 5696 1936 5180 1405 3451 1034 2028 196 4681 4490 4926 1591 510 5376 1031 1974 243 2463 7509 6677 1750 1907 375 5535 376 2772 4595 3980 4026 5182 3473 7542 1139 1709 4937 2119 2010 6171 235 4364 905 5077 7334 3899 1778 4125 6810 1199 803 5508 5504 3482 3696 5858 1425 1204 2929 438 2084 117 692 2598 1022 1237 1407 1303 5694 6906 6330 5076 2720 4452 2206 118 1576 841 5917 5539 5737 3363 2268 4327 630 2303 3329 6657 3166 6558 1567 7318 6323 300 6035 819 1858 3428 5699 6148 3917 7336 4797 6531 594 4623 5645 868 1741 239 4138 2519 2456 4052 377 6863 1436 419 3298 1178 3602 2248 1203 2681 3981 3087 5964 7038 4647 3016 6389 6033 7548 3600 4894 768 3231 2249 4005 4923 989 1464 2355 5482 5884 3745 7436 4723 7019 4159 5743 7535 4810 3828 6385 1177 6248 3129 1809 5860 6391 5794 213 5360 3579 1257 3392 2295 2390 6590 4968 2058 7085 3384 2676 4782 5853 7252 4409 4554 1866 4967 790 2200 4855 2187 6184 5774 602 3504 6111 133 5785 3228 3144 5362 2208 4818 2195 494 5013 1526 5 2015 1624 6193 2530 2921 2968 147 5736 3518 4722 4200 4430 5122 1379 3701 3537 5419 2675 5385 1249 1608 1840 5080 2862 374 525 4230 5953 6224 881 1511 3856 997 6933 3252 3072 1087 5011 7118 4608 1114 76 6805 3319 5620 3024 6086 635 6236 1603 4275 646 3323 5583 4928 6661 7492 4725 4638 3964 531 4214 6913 363 232 4083 5326 2314 1678 5764 4262 2785 2497 230 4233 734 4956 5087 3309 4779 1264 6360 998 258 5650 2205 2224 980 5440 689 1920 6446 5258 3623 7036 7155 6089 6636 5329 1722 4814 6738 6091 2908 6751 3427 4006 6155 6651 215 6554 6808 1615 1231 1621 3846 3971 3850 6997 7179 2953 6346 5110 2255 5701 574 6895 7158 461 7226 6154 5386 781 5564 6711 987 7478 5662 1625 4306 2880 5312 5334 2483 356 4975 3426 1016 6879 5656 7307 2202 4530 5005 5200 6878 5830 2258 3018 5423 7525 6694 4238 3804 1917 5605 669 3633 4174 7316 7335 3146 6349 5806 3937 3962 6890 4038 6948 5591 407 2825 3833 1162 7354 5890 4281 1548 1135 6841 961 4114 855 6340 5282 1605 1028 3334 6587 4917 1544 1451 5568 4996 2144 1359 4711 6544 6518 5549 1364 5327 5069 4448 219 5771 7185 3610 6501 3897 3958 5250 2276 401 143 5757 787 4561 6009 3079 901 7441 1787 2369 4164 6437 6068 2585 3847 2780 6737 3047 182 7098 115 2520 402 499 4193 1406 849 4896 6625 3646 7449 5008 3966 1528 2606 3101 5593 1353 7503 4800 5634 957 5820 6254 6019 4208 3682 894 7177 7215 6658 740 2791 1675 2062 1652 6484 1382 3851 2091 1489 5695 5908 982 4764 4471 1923 7194 5619 4271 2638 6919 7499 2104 780 1155 1483 2849 2981 1188 3041 5997 3539 7453 3729 6182 408 2838 6174 1011 1317 4547 4379 5610 315 7518 2781 726 6689 1081 1667 5974 1097 7238 5815 2661 2401 6665 3667 5417 4225 696 2719 2328 5460 5708 4451 2512 6681 2164 1859 4244 3288 4581 1305 560 1577 5566 1816 3436 7485 5339 1961 5384 2654 340 105 5822 4445 875 6352 1956 886 4989 6556 2077 1792 521 321 3967 4398 739 6420 3988 6674 6489 530 1344 1762 5129 5476 5441 3887 2949 6159 4438 4593 , 0.4405940594059406, 1.0, 0.44304795702104594, 0.6116838487972509, 0.9875851461217314, 0.007594723148699593, 0.10745795014553161, 0.5579328505595786, 0, 0.5, 1.0, 0.5024875621890548, 0.6666666666666666, 0.9901960784313726, 0.27798255426086743, 0.34369896103298553, 0.5, 0, 0.5, 1.0, 0.5024875621890548, 0.6666666666666666, 0.9901960784313726, 0.29010008972931856, 0.33512553595707434, 0.5, 0
9, 5529 5666 6310 4186 1471 3467 2855 5130 1701 1814 5389 4605 3172 4633 4185 5212 750 4619 5733 1694 6842 1781 4972 4091 4050 6487 2727 33 1193 4719 2372 6175 6286 4648 2648 2196 889 7320 6965 2021 3762 2705 123 2985 909 4803 6578 1639 675 5433 3413 334 3725 2324 6377 4498 534 3458 5677 4759 3982 2283 2019 4778 4346 5847 2059 4545 6381 4291 4869 6958 1740 7398 1128 5992 1634 684 7462 822 1287 4002 3064 7418 906 455 3189 3690 3886 3665 6743 1566 1014 6109 4437 5507 5181 3863 3793 4252 7010 4510 7355 5540 5913 3530 6275 990 73 4945 5965 2338 5221 1696 266 1227 7031 7105 1692 1063 6885 2342 3478 4985 7516 964 234 4030 5022 2134 5592 7459 6628 3547 1006 3206 6058 2944 1323 4248 2561 6382 1009 895 4598 6914 570 1841 4055 1632 7373 1322 6553 3029 2730 1417 1205 685 845 303 217 2329 1437 4189 705 1002 1307 719 1628 4849 106 914 840 2523 3290 3112 6609 7079 314 6038 5578 5809 1236 6207 3465 6827 775 1470 489 4574 3522 7475 4153 931 7148 1495 611 6760 6485 5588 5821 327 631 5679 1944 6676 5751 668 4462 557 1143 5647 2387 2952 3340 7175 3871 563 1033 6542 6871 4908 2660 7250 1724 735 1573 4119 4043 5801 4401 3063 6498 4882 6103 5729 6187 4503 58 6539 4612 6867 6311 4245 1822 2229 358 7411 1597 1541 3835 6102 5191 6115 329 2220 1381 1360 637 5198 2067 7374 520 6108 955 3406 5227 3386 4237 7152 506 1732 4846 3635 1747 2057 332 7053 7491 2793 2712 62 4092 6344 5253 2631 5976 1474 3220 6456 5698 5495 3353 4284 245 2125 6534 6803 4151 2193 6576 4866 3959 4064 7291 2901 3259 2875 1751 4669 7156 1061 83 4597 1152 5704 6200 5994 4822 4240 2462 4891 3078 3651 4871 2101 6955 2699 3276 3508 3031 2731 211 2663 7183 3994 7142 1062 7247 7435 5614 5765 7017 3663 184 3996 4416 1909 5145 129 2904 5721 5038 540 5016 5668 2320 7521 2184 3366 4943 4939 288 5787 254 1784 285 6794 3167 5059 5843 1838 3636 1189 3699 5904 2856 2688 5513 3214 2813 3577 6872 1933 7082 5341 4473 3128 5001 7029 2756 2930 2861 3826 404 1400 2722 6942 4474 6929 6259 2914 978 2236 6524 2645 867 480 4893 3114 4980 2575 3178 2938 732 2049 6557 5102 4580 3286 2959 4892 3301 7004 2600 183 1721 5179 7295 434 2078 7182 1807 6361 2752 1677 6899 6685 6593 6146 1351 4187 6232 6294 6832 2323 3037 1683 4563 4986 7264 3055 6393 6287 3350 5637 639 1059 1996 5589 6987 5607 6494 4546 4929 1674 1080 2452 5784 753 5121 7414 4405 4417 159 813 7343 7392 2162 908 5330 5813 4023 5328 897 7277 3019 1481 3002 6350 2161 5627 6643 3812 3849 7167 4823 3714 566 3316 6472 5411 1620 762 4806 3915 3459 7111 6770 490 6577 473 3949 4323 1200 5431 6034 6375 5639 3159 4040 706 1296 7353 6453 3718 2715 484 6388 6826 6941 7484 4407 956 742 1256 5803 3650 2805 4753 7296 2499 1918 2884 7190 1111 2431 831 7429 672 7025 1713 4070 6178 7284 6517 2192 4477 6105 1992 34 664 2282 3535 3689 2417 1522 2995 323 7137 4660 5658 3349 6601 4155 2176 2820 3914 6563 3084 2597 1219 5062 4054 1839 1537 7003 3132 6383 5747 5160 5235 5371 4071 2508 1755 4988 3115 5348 3683 7425 2301 3487 3345 4509 6671 485 5683 1881 6820 6771 1263 1612 4694 3740 1088 4148 3254 1869 6921 884 6502 4467 1275 891 6166 5511 2958 6147 6255 1592 1673 808 2244 2362 6822 4269 7364 4626 5306 518 3035 1094 5966 5231 3437 1005 3614 5544 3622 7337 5909 7265 5177 3895 6754 542 4250 3307 4963 2418 4140 3362 416 4210 3515 6870 4146 5526 4492 2477 6714 7452 1041 1288 5184 5769 5169 5533 6745 3711 943 3641 3 4997 6692 5118 6619 4954 5449 2232 7033 4576 2558 1563 6962 6397 5576 6415 4470 1799 7012 1096 97 2266 210 5166 507 3811 2689 3912 946 7136 126 5158 2670 6522 5454 806 1341 1313 6761 225 2524 3733 2947 5676 7228 774 693 6281 1941 7216 3126 1373 7467 5674 5624 2140 1171 , 0.43705985915492956, 1.0, 0.4395095379788162, 0.6082695252679939, 0.9874079470720277, 0.007922607324048259, 0.1263074502150428, 0.5629401408450704, 0, 0.5, 1.0, 0.5024875621890548, 0.6666666666666666, 0.9901960784313726, 0.2947685485618319, 0.35791251719792255, 0.5, 0, 0.5, 1.0, 0.5024875621890548, 0.6666666666666666, 0.9901960784313726, 0.319972824742265, 0.36034146301389003, 0.5, 0
10, 5616 400 4884 194 4113 2479 716 6739 2531 5391 7293 5937 2376 154 2299 7292 3354 1090 2883 5887 5859 4478 2590 2786 3452 2325 6938 4652 3088 2680 7064 6744 3865 1830 7227 428 7015 1347 3885 6244 2906 4425 5726 509 5405 2494 4632 1460 2041 2593 4344 3209 5238 3040 5897 5684 1119 1266 6369 3182 2088 2241 3192 1242 3475 7251 3703 2440 1408 5399 6663 6414 7246 6847 1355 2819 5955 149 6141 193 3180 6003 6706 2694 7387 3156 331 6776 2357 3457 2024 7304 674 1107 3934 5450 4283 1180 2124 4115 7220 5269 5213 1889 6511 226 6309 7385 6521 7159 7149 3768 4643 4167 3161 6357 1981 1078 5014 6093 5049 21 3664 3691 721 3803 1934 6945 3020 1137 5931 984 1926 3748 4819 3737 271 2711 4289 7539 5741 912 6915 839 2746 981 3130 1664 6589 487 3251 7162 736 972 3529 4460 5748 4564 2702 627 3440 2919 7209 6963 3677 6622 5852 89 7476 6897 752 824 4195 4693 6328 6371 1648 5032 1449 4472 4057 2941 7533 6695 5509 5922 2713 1270 1901 2223 6285 2503 3100 7524 1515 7537 6261 3575 2071 3120 1194 1269 4276 5436 4999 7351 1343 6670 2207 2989 5871 2945 417 2333 5558 4365 483 6052 6755 1911 3717 5127 6581 4591 1298 7444 3532 679 291 2868 6246 6893 5829 4757 2103 5201 1582 4613 3125 4282 7164 1445 6045 2496 150 4209 1777 7076 6303 1426 5725 777 7127 2238 4755 1312 6095 680 3894 3939 1570 5265 657 6157 2246 4773 6395 6773 3179 2893 1826 4958 629 6006 5567 5665 4081 1122 7331 1246 3557 6412 2157 2035 1319 1469 1987 1703 3790 5705 3296 1851 5961 1745 5437 2886 125 4196 1731 1039 6887 569 3377 1543 3376 5985 528 1476 7130 1983 7255 7496 4794 4280 2608 4424 4433 6813 1693 3775 1910 3875 6460 1023 7133 7547 5204 1035 1140 6122 170 2396 92 1095 4653 5691 866 5761 2738 1109 1197 3346 6881 2095 5157 6834 4969 4634 6828 3461 6012 3759 1520 993 1361 5848 1595 6384 2587 7430 7088 5525 3507 6836 5727 7513 6471 6132 6648 7272 4831 6107 5775 6492 3116 2017 4017 870 1015 6723 7081 3191 2537 6479 1588 4305 4566 949 6235 7551 5039 2486 5042 761 4206 5406 1126 7301 7028 7454 1091 1779 173 7129 4058 3558 3831 1802 6308 460 1485 5957 5793 778 2759 1581 4429 2413 6398 4575 4827 2574 5622 6422 1558 6087 3721 3054 758 704 2934 2695 4927 2568 959 4567 2155 3007 7171 4609 3085 3222 603 4063 5734 711 7257 3282 1542 1390 4389 3781 3391 3889 5270 180 2592 7470 3925 6831 3757 6775 7236 511 181 1650 444 5183 362 4332 6634 5735 1717 7144 5072 4111 5034 5439 1748 6408 85 4301 7544 5300 7352 5700 837 5891 1979 3930 2469 1986 3145 1568 7154 3820 367 7433 3559 7274 6233 3880 2046 4042 3738 2096 805 4804 3005 5788 6821 3773 3601 6752 2482 5377 265 1682 5315 1329 4714 1198 6036 5199 5570 4820 2562 6324 7077 3142 1370 2735 538 2471 3884 744 3935 6926 5388 3563 1054 1940 6198 1233 7555 2251 7249 667 45 6721 7107 1042 1689 1433 1525 1596 2425 3700 5289 2487 4919 1658 584 4766 5720 13 6815 139 397 4134 1945 1494 2256 6134 437 2109 2542 5074 1026 1356 6387 2736 4901 546 7044 2696 350 4100 4110 1378 3227 1730 4411 4363 6854 1614 977 7420 209 5050 795 3750 2020 1574 6044 5027 2560 3839 6877 4992 116 7198 1338 715 6421 6031 4752 4464 4606 5600 4961 4221 3464 7556 5740 5273 6659 2610 6678 161 3944 6607 4994 5375 5926 5432 3578 6073 922 6138 5229 248 2025 2133 2832 5093 1572 5715 6334 1989 2428 3272 6488 7388 6475 4322 3642 1884 5635 2269 2513 2879 6302 952 3109 1712 2569 5279 1003 1396 2400 107 7345 4165 1994 1440 1458 7096 4220 2055 6347 4654 1800 4709 155 6173 5981 4895 4611 1960 1690 940 3972 5746 903 2754 7523 2635 25 2806 3450 6490 911 6478 448 6226 958 333 6228 1811 46 4216 1947 3181 785 1867 474 127 3603 4824 7517 4032 1141 7000 3327 5280 2563 6642 112 7347 3373 1681 4675 5165 5152 5131 3864 1657 6007 1058 , 0.4403706154864328, 1.0, 0.44282425374953716, 0.6114684800588127, 0.9875740253633305, 0.006412275110830546, 0.11300881152593673, 0.5595553202752779, 0, 0.4993234100135318, 0.9972972972972973, 0.501804227817423, 0.6654643823264202, 0.9875460399056679, 0.2723085023984495, 0.33990110286950276, 1.8513513513513513, 0, 0.5, 1.0, 0.5024875621890548, 0.6666666666666666, 0.9901960784313726, 0.28331093235603, 0.34604638927797404, 0.5, 0
